1,3.62957,39.2622
1,3.62957,39.2622
1.jpg,3.62957,39.2622
1.jpg,3.62957,39.2622
1.jpg,3.62957,39.2622
1.jpg,3.62957,39.2622
1.jpg,3.62957,39.2622
1.jpg,3.62957,39.2622
1.jpg,3.62957,39.2622
1.jpg,3.62957,39.2622
1.jpg,3.62957,39.2622
1.jpg,3.62957,39.2622
1.jpg,14.1947,33.3395
1.jpg,14.1947,33.3395
1.jpg,2.564,40.5198
2.jpg,10.6836,35.1497
3.jpg,31.3117,30.8881
4.jpg,4.43429,40.8789
5.jpg,17.2479,32.1388
6.jpg,2.98257,38.7178
7.jpg,3.99714,35.1965
8.jpg,2.75686,38.9422
9.jpg,9.24657,33.2628
10.jpg,4.05243,37.3281
11.jpg,6.721,36.18
12.jpg,5.661,37.131
13.jpg,7.39529,33.9171
14.jpg,3.51071,38.6826
15.jpg,2.97414,42.0753
16.jpg,1.75186,42.1227
17.jpg,20.6737,32.0472
18.jpg,6.26443,35.553
19.jpg,16.1776,33.8879
20.jpg,10.4623,34.4127
21.jpg,29.708,31.4639
22.jpg,1.96329,40.8206
23.jpg,20.9726,31.6937
24.jpg,15.4496,34.9593
25.jpg,3.66886,37.3391
26.jpg,9.58014,35.3399
27.jpg,26.0967,33.4384
28.jpg,13.2064,33.7516
29.jpg,8.51129,33.9274
30.jpg,9.34843,35.3981
31.jpg,0.682429,45.2963
32.jpg,5.46229,35.9726
33.jpg,5.71229,36.2385
34.jpg,3.87586,37.4627
35.jpg,19.1689,34.4838
36.jpg,3.39714,38.3827
37.jpg,3.81871,38.0433
38.jpg,5.23871,35.6053
39.jpg,11.4643,32.1409
40.jpg,1.10729,41.141
41.jpg,11.2477,33.6797
42.jpg,2.76043,37.6663
43.jpg,2.12957,38.0808
44.jpg,1.13757,39.697
45.jpg,5.41429,35.1416
46.jpg,11.216,33.8513
47.jpg,43.7337,31.5853
48.jpg,1.21457,40.0622
49.jpg,1.91429,38.0864
50.jpg,1.50657,39.9473
51.jpg,9.55871,34.2239
52.jpg,10.9727,34.3578
53.jpg,7.49086,35.0613
54.jpg,11.2327,33.4683
55.jpg,1.47414,42.1212
56.jpg,6.08871,34.5662
57.jpg,13.1927,32.3185
58.jpg,1.73671,42.1089
59.jpg,10.9221,37.4002
60.jpg,8.034,38.6985
61.jpg,0.606571,41.9066
62.jpg,55.5524,30.0479
63.jpg,2.11186,42.4645
64.jpg,7.66186,33.9542
65.jpg,13.5124,35.1371
66.jpg,1.85529,40.8954
67.jpg,6.82843,39.3689
1.jpg,14.1947,33.3395
1.jpg,14.1947,33.3395
3.jpg,31.3117,30.8881
3.jpg,31.3117,30.8881
3.jpg,31.3117,30.8881
3.jpg,31.3117,30.8881
3.jpg,31.3117,30.8881
3.jpg,31.3117,30.8881
3.jpg,31.3117,30.8881
3.jpg,31.3117,30.8881
3.jpg,31.3117,30.8881
3.jpg,31.3117,30.8881
3.jpg,31.3117,30.8881
3.jpg,31.3117,30.8881
3.jpg,31.3117,30.8881
yo.jpg,28.3174,32.0471
yo.jpg,28.3174,32.0471
